 ,country,Research and development expenditure (% of GDP),"Educational attainment, at least completed post-secondary, population 25+, total (%) (cumulative)",GDP (constant 2010 US$),Population,GINI index (World Bank estimate),authorRepresentation,authorRepresentation_binary,allMismatch,allMismatch_binary,mismatch,collab,collab_binary,firstAuthorMismatch,lastAuthorMismatch,singleAuthorMismatch,middleAuthorMismatch,gbifDiversity,DI,AI,"Animal species, threatened","Mammal species, threatened","Plant species (higher), threatened","Fish species, threatened","Bird species, threatened",spbyarea,aggdiv,Richness,AvTD,Signi.cance,lending_status,,2016_GDP,Average_GDP
1,AFGHANISTAN,NA,NA,15037630734,21958743.35,NA,0,0,0,0,0,0,0,0,0,0,0,6516,0.063,-0.296,NA,11,5,5,17,0.0099807,0.000767342,6849,63.62,Lower,Low_income,,19362642267,11786635108
2,ALBANIA,0.120845,10.5366025,8374051686,3007947.275,31.41111111,3,1,0,0,1,1,1,1,0,0,0,1285,0.035,-0.019,NA,3,0,44,10,0.04689781,0,1386,63.02,Lower,Upper_middle_income,,11861352705,5944865152
3,ALGERIA,0.260825,8.03136,1.25E+11,30730163.05,34.36666667,8,1,0,0,0,0,0,0,0,0,0,4746,0.045,-1.003,71.5,14,18,40,14,0.001992661,0.003792668,4607,63.72,Lower,Upper_middle_income,,1.60E+11,89792435836
4,AMERICAN SAMOA,0.3170075,NA,575900492.4,51422.4,NA,0,0,0,0,0,0,0,0,0,0,0,1082,NA,NA,NA,1,1,12,8,5.41,0.000924214,914,78.36,Higher,Upper_middle_income,,653000000,580333333.3
5,ANDORRA,NA,30.60437143,2626307578,65340.375,NA,0,0,0,0,0,0,0,0,0,0,0,2244,NA,NA,NA,2,0,0,2,4.774468085,0,2138,65.1,Lower,High_income,,2877311947,1810755463
6,ANGOLA,0.03229,2.6339,52952862317,17583981.23,48.66666667,0,0,0,0,0,0,0,0,0,0,0,6921,0.176,0.544,62.5,17,34,51,26,0.005551456,0.004912585,7479,64.31,Lower,Lower_middle_income,,1.01E+11,36646189811
7,ANGUILLA,NA,NA,NA,NA,NA,0,0,0,0,0,0,0,0,0,0,0,992,NA,NA,NA,NA,NA,NA,NA,NA,NA,1037,68.8,Average,NA,,NA,NA
8,ANTARCTICA,NA,NA,NA,NA,NA,0,0,0,0,0,0,0,0,0,0,0,574,NA,NA,NA,NA,NA,NA,NA,NA,NA,NA,NA,NA,NA,,NA,NA
9,ANTIGUA AND BARBUDA,NA,NA,933069043.1,76000.825,NA,0,0,0,0,0,0,0,0,0,0,0,1074,NA,NA,NA,2,4,29,1,2.440909091,0.003724395,1032,68.55,Average,High_income,,1464630213,745760517.3
10,ARGENTINA,0.493278182,16.73851214,3.16E+11,36537549.25,46.15333333,58,1,1,1,1,0,0,1,0,0,0,16091,0.196,0.423,NA,37,70,39,50,0.005879731,0.004350258,15937,69.02,Average,High_income,,5.58E+11,2.56E+11
11,ARMENIA,0.239384545,46.5914775,7549689733,3126032.625,32.36842105,5,1,1,1,1,0,0,0,0,1,0,3819,0.042,0.153,NA,9,71,3,15,0.134141201,0.018591254,4365,62.95,Lower,Upper_middle_income,,10546135160,5333400499
12,ARUBA,NA,18.56637,2257811750,85136.725,NA,0,0,0,0,0,0,0,0,0,0,0,515,NA,NA,NA,2,2,23,1,2.861111111,0.003883495,430,63.97,Lower,High_income,,2646927374,1786228186
13,AUSTRALIA,1.961606667,41.29144,8.68E+11,19419155.28,33.42,293,1,14,1,29,15,1,17,15,0,8,36632,0.608,1.268,NA,63,92,118,50,0.004768364,0.002511465,34400,67.86,Lower,High_income,,1.21E+12,5.89E+11
14,AUSTRIA,2.441858261,23.12322846,3.24E+11,8067031.125,29.92,47,1,6,1,15,9,1,8,10,0,5,8195,0.036,-0.293,NA,3,13,11,12,0.099246198,0.001586333,7137,65.04,Lower,High_income,,3.94E+11,2.41E+11
15,AZERBAIJAN,0.254696522,30.779395,32593857794,8051519.1,29.41666667,2,1,0,0,0,0,0,0,0,0,0,2206,0.05,0.027,NA,8,42,12,18,0.026598676,0.019038985,2482,62.38,Lower,Upper_middle_income,,37867518957,24875211828
16,BAHAMAS,NA,21.30081667,8617931541,300883.85,NA,1,1,1,1,1,0,0,0,0,0,1,2058,0.017,-0.503,NA,6,8,44,7,0.205594406,0.003887269,1894,69.43,Average,High_income,,11838800000,6366459724
17,BAHRAIN,0.10116,26.232924,17278486277,815884.075,NA,0,0,0,0,0,0,0,0,0,0,0,227,NA,NA,NA,3,0,10,6,0.31489952,0,231,66.12,Average,High_income,,32250132979,12493269039
18,BANGLADESH,NA,10.477293,82198222609,124184735.1,30.35555556,2,1,0,0,1,1,1,1,1,0,0,2145,0.059,0.058,NA,36,21,27,33,0.016478451,0.00979021,2375,66.66,Lower,Lower_middle_income,,2.21E+11,65708376942
19,BARBADOS,NA,9.518685,4041601331,270635.375,NA,0,0,0,0,0,0,0,0,0,0,0,1068,NA,NA,NA,3,3,29,2,2.48372093,0.002808989,939,69.58,Average,High_income,,4529050000,2861469302
20,BELARUS,0.676577826,37.944365,42136946754,9823160.225,28.08095238,2,1,0,0,1,1,1,0,1,0,0,418,0.029,-0.771,NA,4,1,2,9,0.002060578,0.002392344,431,66.48,Lower,Upper_middle_income,,47722657821,33610392238
21,BELGIUM,2.078516957,31.763203,3.97E+11,10424102.83,28.04285714,120,1,16,1,39,23,1,21,28,0,9,5015,0.023,-0.441,NA,2,0,13,8,0.165620872,0,4752,67.42,Lower,High_income,,4.70E+11,2.93E+11
22,BELIZE,NA,8.144206667,938794794.6,252226.65,57.73333333,0,0,0,0,0,0,0,0,0,0,0,5076,0.056,0.526,NA,9,36,43,5,0.222533976,0.007092199,5229,71.92,Higher,Upper_middle_income,,1806646250,826461551.5
23,BENIN,NA,1.732315,7091704833,7096972.075,43.26666667,17,1,1,1,1,0,0,1,0,0,0,3250,0.08,0.437,33.5,13,17,38,10,0.028822277,0.005230769,3716,67.32,Lower,Low_income,,8573159697,3788595271
24,BERMUDA,0.211399091,43.8367275,4467208188,61238.15,NA,0,0,0,0,0,0,0,0,0,0,0,1277,NA,NA,NA,4,8,26,1,25.54,0.006264683,925,70.56,Average,High_income,,NA,3041686678
25,BHUTAN,NA,5.38001,890620139.5,592107.875,38.8,0,0,0,0,0,0,0,0,0,0,0,3021,0.058,0.366,NA,26,18,3,20,0.072224021,0.005958292,2846,73.83,Higher,Lower_middle_income,,2219675781,717235145
26,BOLIVIA,0.28114625,19.99739429,15121881395,8404456.45,51.7,7,1,0,0,0,0,0,0,0,0,0,22237,0.239,0.882,NA,21,104,8,55,0.020527093,0.00467689,22343,70.96,Average,Lower_middle_income,,33941126194,11558738037
27,BONAIRE,NA,NA,NA,NA,NA,0,0,0,0,0,0,0,0,0,0,0,1353,NA,NA,NA,NA,NA,NA,NA,NA,NA,1250,68.98,Average,NA,,NA,NA
28,BOSNIA AND HERZEGOVINA,0.130203571,10.744534,14235004255,3897614.1,32.525,5,1,0,0,1,1,1,0,0,0,1,1211,0.034,-0.2,NA,4,1,35,8,0.023682347,0.000825764,1240,61.68,Lower,Upper_middle_income,,16913330694,11076422797
29,BOTSWANA,0.44298,NA,9021107370,1606197.5,58.7,0,0,0,0,0,0,0,0,0,0,0,2708,0.062,-0.287,16.5,9,2,2,13,0.004778289,0.000738552,3006,68.35,Average,Upper_middle_income,,15646323341,6804235996
30,BOUVET ISLAND,NA,NA,NA,NA,NA,0,0,0,0,0,0,0,0,0,0,0,25,NA,NA,NA,NA,NA,NA,NA,NA,NA,0,NA,NA,NA,,NA,NA
31,BRAZIL,1.120281667,11.554914,1.63E+12,170673735.7,56.84705882,383,1,13,1,20,7,1,11,13,0,7,53566,0.74,1.436,NA,81,521,86,165,0.006408842,0.009726319,53083,69.36,Average,Upper_middle_income,,1.80E+12,9.38E+11
32,BRITISH INDIAN OCEAN TERRITORY,NA,NA,NA,NA,NA,0,0,0,0,0,0,0,0,0,0,0,135,NA,NA,NA,NA,NA,NA,NA,NA,NA,74,NA,NA,NA,,NA,NA
33,BRITISH VIRGIN ISLANDS,NA,11.134395,NA,21268.1,NA,0,0,0,0,0,0,0,0,0,0,0,745,NA,NA,NA,1,10,28,1,4.966666667,0.013422819,718,65.6,Lower,High_income,,NA,NA
34,BRUNEI DARUSSALAM,0.0872475,9.45314,11860685516,321783.175,NA,0,0,0,0,0,0,0,0,0,0,0,3344,0.071,1.145,NA,33,104,12,24,0.634535104,0.031100478,3840,69.48,Average,High_income,,11400653949,7563546438
35,BULGARIA,0.562697391,15.03913,42836484393,8071163.5,36.11538462,12,1,2,1,5,3,1,3,2,0,2,3390,0.044,-0.167,NA,8,6,22,18,0.030870062,0.001769912,3623,64.45,Lower,Upper_middle_income,,53240950226,27543580148
36,BURKINA FASO,0.247658333,0.700976667,6956263108,12207130.75,43.28,1,1,0,0,0,0,0,0,0,0,0,2637,0.068,0.011,13.5,10,3,4,11,0.009638158,0.001137656,2911,67.43,Lower,Low_income,,10886363727,4719102383
37,BURUNDI,0.158383333,0.974515,1756246925,6988119.1,36.9,0,0,0,0,0,0,0,0,0,0,0,2992,0.072,0.723,47,14,8,17,13,0.116510903,0.002673797,3222,70.1,Average,Low_income,,2959185295,1342615946
38,CABO VERDE,0.07264,11.86962,972666169.3,417073.925,47.36666667,0,0,0,0,0,0,0,0,0,0,0,1056,NA,NA,25.5,4,3,34,5,0.262034739,0.002840909,866,69,Average,Lower_middle_income,,1662998678,785697947.5
39,CAMBODIA,0.084015,3.49799,9785819048,11652058.33,NA,1,1,0,0,0,0,0,0,0,0,0,2900,0.059,0.001,NA,38,36,47,27,0.016428733,0.012413793,3460,68.81,Average,Lower_middle_income,,20016747754,8140848335
40,CAMEROON,NA,13.50781,21375426189,15995501.55,43.975,4,1,1,1,1,0,0,0,0,0,1,8604,0.167,0.762,158,44,490,119,26,0.018201434,0.056950256,9227,67.91,Lower,Lower_middle_income,,32621535419,16134951137
41,CANADA,1.811411739,43.38154,1.25E+12,30671416.65,32.65454545,208,1,19,1,45,26,1,25,26,3,13,14721,0.067,-1.014,NA,14,10,43,15,0.001618847,0.000679302,12595,69.64,Average,High_income,,1.53E+12,8.91E+11
42,CAYMAN ISLANDS,NA,40.3488625,4492938163,40360.875,NA,0,0,0,0,0,0,0,0,0,0,0,572,NA,NA,NA,1,22,32,1,2.383333333,0.038461538,530,65.23,Lower,High_income,,NA,3271885357
43,CENTRAL AFRICAN REPUBLIC,NA,2.07482,1567947963,3546456.125,53.7,0,0,0,0,0,0,0,0,0,0,0,3176,0.08,-0.058,15,14,24,3,14,0.005098077,0.007556675,3529,67.64,Lower,Low_income,,1844714795,1314691968
44,CHAD,0.3005,3.22367,6285750727,8963442.1,41.55,0,0,0,0,0,0,0,0,0,0,0,918,0.049,-0.739,21,14,6,1,13,0.000729034,0.006535948,957,68.48,Average,Low_income,,10090922857,4441410978
45,CHILE,0.358981818,16.63259222,1.52E+11,15122653.2,51.01428571,20,1,0,0,3,3,1,2,0,0,1,9794,0.112,0.229,NA,19,72,25,33,0.013172264,0.00735144,8571,67.11,Lower,High_income,,2.50E+11,1.03E+11
46,CHINA,1.431933043,2.428493333,3.57E+12,1227580125,39.71538462,885,1,48,1,75,27,1,58,56,0,13,32685,0.392,0.767,NA,74,574,133,89,0.003481487,0.017561573,32073,68.22,Average,Upper_middle_income,,1.11E+13,2.70E+12
47,CHRISTMAS ISLAND,NA,NA,NA,NA,NA,0,0,0,0,0,0,0,0,0,0,0,447,NA,NA,NA,NA,NA,NA,NA,NA,NA,522,68.62,Average,NA,,NA,NA
48,COCOS (KEELING) ISLANDS,NA,NA,NA,NA,NA,0,0,0,0,0,0,0,0,0,0,0,209,NA,NA,NA,NA,NA,NA,NA,NA,NA,189,68.56,Average,NA,,NA,NA
49,COLOMBIA,0.210315714,16.39931667,2.18E+11,38879632.15,53.95,42,1,1,1,6,5,1,4,2,0,2,32736,0.538,1.685,NA,54,257,96,119,0.029505183,0.007850684,33172,72.13,Higher,Upper_middle_income,,2.83E+11,1.35E+11
50,COMOROS,NA,NA,735348358.1,549060.5,50.6,0,0,0,0,0,0,0,0,0,0,0,1620,NA,NA,53.5,5,7,9,10,0.870499731,0.004320988,1651,73.96,Higher,Low_income,,1024261821,540175325.5
51,CONGO,NA,2.94642,8916522129,3279765.775,48.1,3,1,1,1,1,0,0,0,0,0,1,4016,0.128,0.589,36,17,45,55,5,0.011759883,0.011205179,4250,67.9,Lower,Lower_middle_income,,9035848071,5170180368
52,COOK ISLANDS,NA,NA,NA,NA,NA,0,0,0,0,0,0,0,0,0,0,0,1975,NA,NA,NA,NA,NA,NA,NA,NA,NA,2083,76.31,Higher,NA,,NA,NA
53,COSTA RICA,0.422258947,20.81363778,26440485477,3819232.475,47.53125,14,1,0,0,0,0,0,0,0,0,0,15206,0.162,1.358,NA,10,140,60,23,0.297806502,0.009206892,15622,75.4,Higher,Upper_middle_income,,57157995873,18819085173
54,COTE D'IVOIRE,0.0956,7.00387,23071194832,16232083.9,40.59,0,0,0,0,0,0,0,0,0,0,0,4119,0.116,0.507,74,30,112,57,20,0.01295283,0.027191066,4483,69,Average,Lower_middle_income,,35296979104,15666409643
55,CROATIA,0.861326,12.88991667,55681566979,4453516.225,30.91,20,1,1,1,1,0,0,1,1,0,0,3439,0.036,-0.169,NA,9,8,64,15,0.061486088,0.002326258,3237,63.81,Lower,High_income,,51623429121,43262435952
56,CUBA,0.473763182,20.02625,48779285592,10873370,NA,13,1,1,1,1,0,0,0,1,0,0,9230,0.12,0.829,NA,12,179,44,17,0.086453369,0.019393283,9182,71.15,Higher,Upper_middle_income,,91370000000,40120736278
57,CURACAO,NA,NA,NA,146955.3,NA,0,0,0,0,0,0,0,0,0,0,0,1029,NA,NA,NA,3,2,28,1,2.317567568,0.001943635,864,67.22,Lower,High_income,,3122287933,3125002775
58,CYPRUS,0.393575714,31.71745,17578617644,932857.65,32.55,2,1,0,0,0,0,0,0,0,0,0,1750,0.017,-0.429,NA,6,18,24,7,0.189393939,0.010285714,1811,67.07,Lower,High_income,,20453761062,12350818983
59,CZECH REPUBLIC,1.37966087,16.65831667,1.81E+11,10365764.53,25.94444444,72,1,9,1,25,16,1,13,9,0,12,4075,0.033,-0.356,NA,3,10,2,10,0.052744904,0.002453988,3147,67.02,Lower,High_income,,1.95E+11,1.23E+11
60,D. R. CONGO,0.155631429,5.281883333,21985828143,49945765.35,42.15,0,0,0,0,0,0,0,0,0,0,0,9346,0.218,0.579,125.5,36,113,93,37,0.004122538,0.012090734,9533,67.59,Lower,Low_income,,37134799974,14294013432
61,DENMARK,2.621033636,29.46615778,2.81E+11,5361043.4,26.40526316,72,1,11,1,24,13,1,13,12,1,8,5041,0.021,-0.643,NA,2,1,18,7,0.118915614,0.000198373,4456,66.32,Lower,High_income,,3.12E+11,1.96E+11
62,DJIBOUTI,NA,NA,1128611700,689264.175,42.7,0,0,0,0,0,0,0,0,0,0,0,223,0.02,-0.528,53.5,8,3,18,11,0.009620362,0.013452915,230,53.33,Lower,Lower_middle_income,,1764268469,764205529.6
63,DOMINICA,NA,1.70909,378928772.2,71374.55,NA,0,0,0,0,0,0,0,0,0,0,0,2130,NA,NA,NA,3,11,29,4,2.84,0.005164319,1987,74.91,Higher,Upper_middle_income,,575468234.4,307225369
64,DOMINICAN REPUBLIC,NA,12.21763,37837143154,8349215.5,48.3,1,1,0,0,0,0,0,0,0,0,0,6305,0.076,-0.625,NA,6,42,29,14,0.130511281,0.00666138,6517,72.7,Higher,Upper_middle_income,,72342967648,27190116161
65,ECUADOR,0.209789333,12.01990538,54033647182,12539107.08,49.79473684,17,1,2,1,3,1,1,3,2,0,0,25256,0.353,1.519,NA,45,1856,59,98,0.096317857,0.073487488,25463,74.45,Higher,Upper_middle_income,,99937696000,38412591457
66,EGYPT,0.4148425,11.34453333,1.47E+11,69232144.48,31.06666667,18,1,4,1,5,1,1,2,2,1,2,2840,0.038,-0.936,83.5,19,3,51,14,0.002852981,0.001056338,3022,64.32,Lower,Lower_middle_income,,3.33E+11,1.10E+11
67,EL SALVADOR,0.099468333,9.052590909,15442922773,5706467.35,46.52083333,0,0,0,0,0,0,0,0,0,0,0,4688,0.048,0.393,NA,6,29,15,6,0.226254826,0.006186007,5200,72.22,Higher,Lower_middle_income,,24154120000,11301553884
68,EQUATORIAL GUINEA,NA,NA,7016651307,679096.5,NA,1,1,0,0,0,0,0,0,0,0,0,3771,0.084,0.869,43,24,88,42,7,0.134438503,0.023335985,4426,68.22,Average,Upper_middle_income,,11233177619,5635753612
69,ERITREA,NA,NA,1470036428,2370668.906,NA,1,1,0,0,0,0,0,0,0,0,0,1438,0.057,0.088,63,11,4,23,18,0.014237624,0.002781641,1478,68.69,Average,Low_income,,NA,1031287009
70,ESTONIA,1.201910952,30.909225,18523200264,1417828.95,33.33125,7,1,0,0,1,1,1,0,1,0,0,3858,0.025,-0.483,NA,1,0,5,8,0.091012031,0,3678,65.25,Lower,High_income,,23984296771,13998982790
71,ETHIOPIA,0.294116,4.13964,21566899654,67855456.75,34.52,36,1,1,1,1,0,0,1,1,0,0,6196,0.145,0.383,82.5,33,41,14,32,0.005983661,0.006617172,6712,67.59,Lower,Low_income,,74271281811,18703245292
72,FALKLAND ISLANDS (MALVINAS),NA,NA,NA,NA,NA,0,0,0,0,0,0,0,0,0,0,0,646,NA,NA,NA,NA,NA,NA,NA,NA,NA,304,73.91,Higher,NA,,NA,NA
73,FAROE ISLANDS,0.85705,NA,2320424601,46772.275,NA,0,0,0,0,0,0,0,0,0,0,0,931,NA,NA,NA,4,0,12,4,0.666905444,0,463,71.92,Higher,High_income,,2689157271,1970799778
74,FIJI,NA,9.648653333,2728318659,789985.875,38.4,3,1,0,0,0,0,0,0,0,0,0,3348,0.028,-0.1,NA,6,65,18,12,0.183251232,0.019414576,3120,75.22,Higher,Upper_middle_income,,4926740194,2297936900
75,FINLAND,3.171816087,28.27347833,2.00E+11,5168494.775,26.76842105,36,1,3,1,12,9,1,4,3,1,7,4336,0.023,-1.145,NA,2,2,6,9,0.014244693,0.000461255,3424,64.74,Lower,High_income,,2.39E+11,1.54E+11
76,FRANCE,2.156441739,24.57257429,2.24E+12,61265584.88,32.27368421,313,1,34,1,59,25,1,42,44,0,11,19288,0.051,-0.473,NA,9,35,52,13,0.035224635,0.0018146,17134,66.96,Lower,High_income,,2.47E+12,1.66E+12
77,FRENCH GUIANA,NA,NA,NA,NA,NA,1,1,0,0,0,0,0,0,0,0,0,6159,NA,NA,NA,NA,NA,NA,NA,NA,NA,6640,69.79,Average,NA,,NA,NA
78,FRENCH POLYNESIA,NA,17.48378,NA,229947.15,NA,1,1,0,0,0,0,0,0,0,0,0,2960,NA,NA,NA,0,47,28,32,0.808743169,0.015878378,2863,75.8,Higher,High_income,,NA,2765088986
79,FRENCH SOUTHERN TERRITORIES,NA,NA,NA,NA,NA,0,0,0,0,0,0,0,0,0,0,0,460,NA,NA,NA,NA,NA,NA,NA,NA,NA,241,76.25,Higher,NA,,NA,NA
80,GABON,0.502156667,NA,13084581348,1295532.55,40.1,0,0,0,0,0,0,0,0,0,0,0,5645,0.116,0.56,44,20,162,71,6,0.021907867,0.028697963,6232,65.46,Lower,Upper_middle_income,,14014369642,7860583174
81,GAMBIA,0.0605625,8.03147,1099524226,1363725.7,43.825,0,0,0,0,0,0,0,0,0,0,0,413,0.036,0.308,31.5,9,5,34,12,0.040810277,0.012106538,408,66.19,Lower,Low_income,,1442298542,671544451.7
82,GEORGIA,0.25486125,51.53865,13365611063,4229386.35,38.26956522,3,1,0,0,0,0,0,0,0,0,0,3573,0.051,0.111,NA,9,61,11,15,0.05141747,0.017072488,3664,63.37,Lower,Lower_middle_income,,14378036929,7716660646
83,GERMANY,2.59476087,31.51159833,2.99E+12,80841524.73,30.35263158,423,1,42,1,82,40,1,42,43,3,25,14642,0.033,-0.77,NA,5,17,24,11,0.041960361,0.001161044,12531,67.91,Lower,High_income,,3.50E+12,2.29E+12
84,GHANA,0.30406,11.34099,23233293531,19650238.28,39.78571429,15,1,1,1,2,1,1,0,2,0,0,4850,0.114,0.571,56.5,20,119,56,20,0.021314934,0.024536082,5193,68.85,Average,Lower_middle_income,,55009730589,15969335591
85,GIBRALTAR,NA,NA,NA,31259.65,NA,0,0,0,0,0,0,0,0,0,0,0,211,NA,NA,NA,4,0,18,5,21.1,0,197,64.81,Lower,High_income,,NA,NA
86,GREECE,0.711201053,22.249694,2.38E+11,10568992.83,34.76470588,17,1,0,0,4,4,1,2,2,0,1,7016,0.062,0.129,NA,11,59,80,16,0.054429791,0.00840935,7265,64.33,Lower,High_income,,1.95E+11,1.60E+11
87,GREENLAND,0.5594525,13.58333667,1893792796,55381.325,NA,0,0,0,0,0,0,0,0,0,0,0,1492,0.007,-2.821,NA,9,1,9,3,0.003938108,0.000670241,788,72.97,Higher,High_income,,2713534471,1429493680
88,GRENADA,NA,1.56549,618020900.2,102313.9,NA,0,0,0,0,0,0,0,0,0,0,0,1248,NA,NA,NA,4,3,28,1,3.670588235,0.002403846,1274,76.53,Higher,Upper_middle_income,,1061631222,484857916.2
89,GUADELOUPE,NA,NA,NA,NA,NA,1,1,0,0,0,0,0,0,0,0,0,3454,NA,NA,NA,NA,NA,NA,NA,NA,NA,3265,74.87,Higher,NA,,NA,NA
90,GUAM,0.259803333,37.14317,4891460465,144747.4,NA,1,1,0,0,0,0,0,0,0,0,0,930,NA,NA,NA,2,4,13,14,1.722222222,0.004301075,946,74.47,Higher,High_income,,5793000000,4692533333
91,GUATEMALA,0.042483077,4.384506667,31380251159,11554255.78,55,1,1,0,0,0,0,0,0,0,0,0,9864,0.142,1.014,NA,15,102,35,14,0.092049272,0.010340633,10061,72.11,Higher,Upper_middle_income,,68663653469,23761959143
92,GUERNSEY,NA,NA,NA,NA,NA,0,0,0,0,0,0,0,0,0,0,0,468,NA,NA,NA,NA,NA,NA,NA,NA,NA,73,NA,NA,NA,,NA,NA
93,GUINEA,NA,4.776506667,5923899350,8266927.9,41.8,3,1,0,0,1,1,1,0,0,0,1,3862,0.094,0.373,62.5,25,44,75,19,0.015717076,0.011393061,4051,70,Average,Low_income,,8604520929,4569254725
94,GUINEA-BISSAU,NA,NA,729556243.8,1247927.325,43.3,0,0,0,0,0,0,0,0,0,0,0,1317,0.05,0.289,31,14,5,39,10,0.046834993,0.003796507,1412,64.46,Lower,Low_income,,1178204501,459356692.5
95,GUYANA,NA,2.0337,1881582499,758380.15,44.6,0,0,0,0,0,0,0,0,0,0,0,8136,0.133,0.758,NA,11,26,31,14,0.041330963,0.003195674,8585,70.4,Average,Upper_middle_income,,3504024213,1147351925
96,HAITI,NA,0.70451,6646817850,8420681.85,41.1,0,0,0,0,0,0,0,0,0,0,0,4881,0.071,0.71,NA,5,42,30,14,0.177104499,0.008604794,4789,71.74,Higher,Low_income,,7975563430,4077740408
97,HEARD ISLAND AND MCDONALD ISLANDS,NA,NA,NA,NA,NA,0,0,0,0,0,0,0,0,0,0,0,99,NA,NA,NA,NA,NA,NA,NA,NA,NA,21,NA,NA,NA,,NA,NA
98,HOLY SEE (VATICAN CITY STATE),NA,NA,NA,NA,NA,0,0,0,0,0,0,0,0,0,0,0,20,NA,NA,NA,NA,NA,NA,NA,NA,NA,21,NA,NA,NA,,NA,NA
99,HONDURAS,0.037621429,8.929515714,11734596172,6570005.25,54.64137931,1,1,0,0,0,0,0,0,0,0,0,7861,0.094,0.597,NA,7,123,42,11,0.070256502,0.015646864,8013,73.08,Higher,Lower_middle_income,,21566622850,9076987578
100,HONG KONG,0.693592381,19.8970525,1.62E+11,6408520,NA,16,1,8,1,11,3,1,9,10,0,1,1709,NA,NA,NA,3,9,13,20,1.665341059,0.005266238,1804,73.31,Higher,High_income,,3.21E+11,1.50E+11
101,HUNGARY,1.038836087,20.3071975,1.23E+11,10235494.53,29.27,22,1,3,1,5,2,1,5,4,0,0,4394,0.031,-0.457,NA,3,10,9,13,0.048850535,0.002275831,4095,66.08,Lower,High_income,,1.26E+11,89770133356
102,ICELAND,2.351733684,31.00324,11009890921,284513.45,27.98461538,0,0,0,0,0,0,0,0,0,0,0,2003,0.006,-2.08,NA,6,0,16,4,0.01998005,0,1260,66.12,Lower,High_income,,20716024757,9907176541
103,INDIA,0.736946522,6.25471,1.11E+12,1042828850,34.91666667,431,1,46,1,51,5,1,45,44,2,3,20300,0.326,0.896,NA,92,388,222,84,0.006827683,0.0191133,19824,70,Average,Lower_middle_income,,2.29E+12,7.52E+11
104,INDONESIA,0.141865714,6.957758182,5.43E+11,209933100.2,35.77307692,15,1,1,1,2,1,1,1,1,0,0,27849,0.731,1.844,NA,188,427,158,131,0.015372853,0.015332687,27667,73.45,Higher,Lower_middle_income,,9.32E+11,3.16E+11
105,IRAN,0.483059231,19.56713714,3.35E+11,63719402.78,42.08333333,49,1,15,1,17,2,1,12,12,3,1,6954,0.091,-0.194,NA,19,3,43,26,0.004269506,0.000431406,7339,60.09,Lower,Upper_middle_income,,4.19E+11,2.28E+11
106,IRAQ,0.039638,19.92075,98475978421,24115048.1,29.05,2,1,0,0,2,2,1,0,0,0,2,2533,0.041,-0.629,NA,14,1,17,19,0.005800181,0.000394789,2748,63.37,Lower,Upper_middle_income,,1.70E+11,1.05E+11
107,IRELAND,1.286088636,30.77702833,1.68E+11,3995799.525,33.41578947,14,1,4,1,4,0,0,4,4,0,0,3142,0.013,-1.248,NA,5,1,27,7,0.045608942,0.000318269,1997,71.75,Higher,High_income,,3.02E+11,1.26E+11
108,ISLE OF MAN,NA,NA,3864946113,75522.125,NA,0,0,0,0,0,0,0,0,0,0,0,605,NA,NA,NA,1,0,2,0,1.061403509,0,88,NA,NA,High_income,,6592627599,3873376849
109,ISRAEL,3.986456522,38.28728417,1.71E+11,6211415,39.45,45,1,7,1,12,5,1,9,11,0,1,3543,0.043,0.285,NA,15,9,45,17,0.163724584,0.00254022,3653,65.33,Lower,High_income,,3.19E+11,1.29E+11
110,ITALY,1.159781739,11.7795125,1.90E+12,57859036,34.43913043,285,1,23,1,60,37,1,23,33,0,25,9934,0.065,-0.056,NA,8,71,51,14,0.033775175,0.007147171,8998,65.74,Lower,High_income,,1.87E+12,1.35E+12
111,JAMAICA,0.05503,6.21885,11877528815,2609406.3,42.61428571,0,0,0,0,0,0,0,0,0,0,0,8621,0.051,0.619,NA,6,214,30,10,0.796029548,0.024823106,8495,72.59,Higher,Upper_middle_income,,14072135209,8162174200
112,JAPAN,3.120859565,23.28170667,5.05E+12,125057808.5,33.26666667,292,1,29,1,52,23,1,36,41,0,9,13033,0.124,0.536,NA,28,44,77,42,0.035732236,0.003376045,10994,74.71,Higher,High_income,,4.93E+12,3.93E+12
113,JERSEY,NA,NA,NA,NA,NA,0,0,0,0,0,0,0,0,0,0,0,492,NA,NA,NA,NA,NA,NA,NA,NA,NA,71,NA,NA,NA,,NA,NA
114,JORDAN,0.491663333,31.89808,17576868851,5496799.6,36.15714286,8,1,0,0,2,2,1,0,0,0,2,1938,0.036,-0.31,NA,13,5,15,13,0.021933806,0.002579979,2123,63.2,Lower,Upper_middle_income,,39252468265,13166495159
115,KAZAKHSTAN,0.200465909,48.19107,1.19E+11,16011550.84,30.46111111,2,1,2,1,2,0,0,0,0,0,2,2163,0.071,-0.581,NA,16,16,14,26,0.0008012,0.007397134,2194,63.16,Lower,Upper_middle_income,,1.37E+11,80857258285
116,KENYA,0.57049,7.82588,30808872074,32624776.43,46.58,37,1,6,1,17,11,1,6,9,0,5,6922,0.145,0.56,190,30,222,71,39,0.01216221,0.032071656,7071,69.36,Average,Lower_middle_income,,69188755511,20841112857
117,KIRIBATI,NA,NA,147964145.3,85954.4,37,1,1,0,0,0,0,0,0,0,0,0,524,NA,NA,NA,1,0,13,5,0.64691358,0,431,68.76,Average,Lower_middle_income,,178328873,86735486.28
118,KUWAIT,0.146985909,14.41513917,1.02E+11,2438455.243,NA,3,1,0,0,2,2,1,0,2,0,0,329,0.007,-1.564,NA,6,0,15,11,0.018462402,0,322,63.11,Lower,High_income,,1.09E+11,60550908022
119,KYRGYZSTAN,0.17312619,27.533295,4357701477,4897845,30.92,1,1,0,0,0,0,0,0,0,0,0,1620,0.063,-0.537,NA,5,14,3,16,0.008446298,0.008641975,1751,64.91,Lower,Lower_middle_income,,6813092066,3439683054
120,LAND ISLANDS,NA,NA,NA,NA,NA,0,0,0,0,0,0,0,0,0,0,0,801,NA,NA,NA,NA,NA,NA,NA,NA,NA,502,71.81,Higher,NA,,NA,NA
121,LAO PEOPLE'S DEMOCRATIC REPUBLIC,0.0371,NA,5152653188,5213115.925,34.72,0,0,0,0,0,0,0,0,0,0,0,4052,0.081,0.229,NA,45,41,55,24,0.017556326,0.01011846,4624,69,Average,Lower_middle_income,,15805707154,4094657353
122,LATVIA,0.510943043,32.836614,23288101582,2336086.45,34.82352941,4,1,0,0,0,0,0,0,0,0,0,1268,0.025,-0.553,NA,1,0,6,9,0.0203875,0,981,68.96,Average,High_income,,27695474684,18742916357
123,LEBANON,NA,15.36266,27305872637,4163482.525,31.8,1,1,0,0,0,0,0,0,0,0,0,2329,0.031,0.145,NA,10,10,28,12,0.227663734,0.004293688,2366,64.04,Lower,Upper_middle_income,,51239050083,22767358607
124,LESOTHO,0.038041667,3.605415,1712786978,1860149.275,53.925,0,0,0,0,0,0,0,0,0,0,0,2410,0.025,-0.354,10.5,3,4,1,7,0.079380764,0.001659751,2442,69.84,Average,Lower_middle_income,,2323419617,1194971031
125,LIBERIA,NA,NA,2036591857,2975964.55,35,0,0,0,0,0,0,0,0,0,0,0,2692,0.059,0.132,62.5,22,52,63,13,0.027948505,0.019316493,3030,69.01,Average,Low_income,,3277826000,1827636824
126,LIBYA,NA,2.7,53771486926,5215761.975,NA,0,0,0,0,0,0,0,0,0,0,0,1331,0.029,-1.343,33,11,3,32,6,0.000756448,0.002253944,1484,65.21,Lower,Upper_middle_income,,26221660068,41692003642
127,LIECHTENSTEIN,NA,8.86692,5082366478,32400.9,NA,0,0,0,0,0,0,0,0,0,0,0,789,NA,NA,NA,0,0,0,2,4.93125,0,818,71.31,Higher,High_income,,6214633651,2854523198
128,LITHUANIA,0.767156087,46.99033,35381740684,3357171.525,35.68666667,12,1,6,1,8,2,1,6,7,1,0,562,0.026,-0.544,NA,2,1,6,9,0.008966649,0.001779359,556,66.57,Lower,High_income,,42973365745,27834199432
129,LUXEMBOURG,1.462252941,34.6972475,39069641846,450286.3,30.99,9,1,0,0,1,1,1,1,1,0,0,2749,NA,NA,NA,0,0,1,3,1.061389961,0,2465,67.59,Lower,High_income,,58961235412,27893589389
130,MACEDONIA,0.310407273,9.698195,8262618254,2025243.8,37.35555556,2,1,0,0,0,0,0,0,0,0,0,1346,0.037,0.077,NA,6,0,13,14,0.053046877,0,1431,63.71,Lower,Upper_middle_income,,10672471861,6468749751
131,MADAGASCAR,0.144276111,NA,8132580790,16342720.6,42.8125,6,1,0,0,0,0,0,0,0,0,0,14044,0.298,1.277,308.5,120,607,93,35,0.024147932,0.043221304,14738,69.2,Average,Low_income,,9958655045,5203378278
132,MALAWI,NA,0.432315,4903258557,11605460.5,48.975,4,1,1,1,1,0,0,0,0,1,0,4714,0.079,0.473,140.5,10,24,98,18,0.05,0.005091218,5133,70.63,Average,Low_income,,5433040160,3058491139
133,MALAYSIA,0.850478571,11.15953,1.76E+11,22834422.55,45.91666667,39,1,6,1,10,4,1,5,8,0,2,16602,0.254,1.28,NA,73,721,83,50,0.050531122,0.043428503,17101,72.22,Higher,Upper_middle_income,,2.97E+11,1.25E+11
134,MALDIVES,NA,4.1581,2441209720,299654.575,37,0,0,0,0,0,0,0,0,0,0,0,268,NA,NA,NA,2,0,24,0,0.893333333,0,223,68.86,Average,Upper_middle_income,,4414055725,1152418022
135,MALI,0.35213,3.667964,7338485869,11780994.55,40.55,5,1,0,0,1,1,1,0,1,0,0,1793,0.053,-0.658,20,12,8,2,16,0.001469443,0.004461796,1976,68.14,Average,Low_income,,14010787738,5324628579
136,MALTA,0.572603529,20.38802364,6931724123,389303.525,29.11666667,0,0,0,0,0,0,0,0,0,0,0,554,NA,NA,NA,2,4,22,5,1.73125,0.007220217,555,65.14,Lower,High_income,,11442612409,4909393918
137,MARSHALL ISLANDS,NA,17.4415,138801657.9,49779.8,NA,0,0,0,0,0,0,0,0,0,0,0,590,NA,NA,NA,2,0,16,3,3.277777778,0,357,70.72,Average,Upper_middle_income,,194497900,113651397.2
138,MARTINIQUE,NA,NA,NA,NA,NA,0,0,0,0,0,0,0,0,0,0,0,2669,NA,NA,NA,NA,NA,NA,NA,NA,NA,2573,72.94,Higher,NA,,NA,NA
139,MAURITANIA,0.01419,1.3,4489903069,2759415.5,39.88571429,0,0,0,0,0,0,0,0,0,0,0,883,0.041,-0.856,46.5,17,0,43,15,0.000856699,0,968,64.18,Lower,Lower_middle_income,,4727937032,2175281754
140,MAURITIUS,0.317525,8.08738,6952247176,1152802.3,37,0,0,0,0,0,0,0,0,0,0,0,2551,NA,NA,98,7,90,19,9,1.256650246,0.035280282,2196,76.34,Higher,Upper_middle_income,,12232463656,5413191053
141,MAYOTTE,NA,NA,NA,NA,NA,0,0,0,0,0,0,0,0,0,0,0,1199,NA,NA,NA,NA,NA,NA,NA,NA,NA,1358,69.17,Average,NA,,NA,NA
142,MEXICO,0.37975,13.59527118,8.78E+11,98099474.8,50.525,139,1,12,1,20,8,1,17,9,0,3,35587,0.589,1.621,NA,96,402,179,61,0.018306541,0.01129626,35182,67.51,Lower,Upper_middle_income,,1.08E+12,6.26E+11
143,MICRONESIA,NA,NA,277267512.5,100633.375,41.25,0,0,0,0,0,0,0,0,0,0,0,1768,NA,NA,NA,5,4,25,11,2.525714286,0.002262443,1726,76.34,Higher,Lower_middle_income,,329895600,227851212.5
144,MOLDOVA,0.417812222,30.33274,6496607077,2875679.45,32.95,2,1,0,0,2,2,1,0,0,0,2,332,0.025,-0.396,NA,5,2,8,12,0.010096328,0.006024096,413,62.91,Lower,Lower_middle_income,,8071480541,4475992434
145,MONACO,0.0377,NA,4614735853,32512.25,NA,0,0,0,0,0,0,0,0,0,0,0,139,NA,NA,NA,3,0,15,0,69.5,0,119,63.68,Lower,High_income,,6468252212,3467013285
146,MONGOLIA,0.216597273,33.04881,5803269691,2420996.425,33,3,1,1,1,1,0,0,0,1,0,0,1731,0.051,-0.767,NA,11,0,2,24,0.001114215,0,1756,64.21,Lower,Lower_middle_income,,11186734674,4002484697
147,MONTENEGRO,0.63196,17.5066,3912249004,610041.65,39.5,1,1,0,0,0,0,0,0,0,0,0,1083,NA,NA,NA,6,2,32,14,0.080520446,0.001846722,1191,64.64,Lower,Upper_middle_income,,4374128319,3224643413
148,MONTSERRAT,NA,NA,NA,NA,NA,0,0,0,0,0,0,0,0,0,0,0,803,NA,NA,NA,NA,NA,NA,NA,NA,NA,822,71.62,Higher,NA,,NA,NA
149,MOROCCO,0.559871667,NA,66473234000,28416613.48,39.78333333,15,1,0,0,0,0,0,0,0,0,0,6127,0.057,-0.304,78,18,37,54,15,0.013728434,0.006038844,6276,63.17,Lower,Lower_middle_income,,1.03E+11,51532343671
150,MOZAMBIQUE,0.357798,1.4526125,7130681171,18656035.6,50.05,2,1,0,0,1,1,1,1,0,0,0,5605,0.09,0.005,118,14,84,67,29,0.007127597,0.014986619,6068,67.49,Lower,Low_income,,10896894351,6470373525
151,MYANMAR,0.0738,2,28828535293,45576319.28,34.4,5,1,0,0,2,2,1,0,0,0,2,6930,0.141,0.493,NA,48,61,50,48,0.010605376,0.008802309,7412,69.93,Average,Lower_middle_income,,63256184700,33926538759
152,NAMIBIA,0.240805,4.8062,8262900917,1758397.45,61.13333333,6,1,1,1,1,0,0,0,0,1,0,4981,0.102,0.116,56.5,14,28,33,28,0.006050116,0.005621361,5437,66.31,Lower,Upper_middle_income,,11286139080,5555137118
153,NAURU,NA,NA,67036245.93,10104.15,NA,0,0,0,0,0,0,0,0,0,0,0,77,NA,NA,NA,1,0,11,2,3.85,0,79,NA,NA,Upper_middle_income,,102055047.9,75744476.16
154,NEPAL,0.205276667,5.7546,11518377992,22705124.75,37.26666667,3,1,0,0,0,0,0,0,0,0,0,7045,0.096,0.549,NA,30,17,7,36,0.049210395,0.002413059,7033,71.94,Higher,Low_income,,21185922408,7815921619
155,NETHERLANDS,1.833206957,31.39043167,6.85E+11,15772182.1,28.69473684,78,1,13,1,26,13,1,6,13,0,13,9893,0.022,-0.599,NA,3,0,15,8,0.293137663,0,9034,65.95,Lower,High_income,,7.84E+11,4.98E+11
156,NEW CALEDONIA,NA,NA,NA,210923.175,NA,7,1,1,1,1,0,0,0,0,0,1,5906,0.078,0.904,NA,9,286,35,16,0.323085339,0.04842533,5769,70.78,Average,High_income,,NA,2196299941
157,NEW ZEALAND,1.16218,41.91967778,1.18E+11,3884945,NA,48,1,4,1,9,5,1,3,3,1,4,11678,0.065,-0.017,NA,9,21,34,67,0.044350765,0.001798253,10211,71,Average,High_income,,1.88E+11,83273737159
158,NICARAGUA,0.083938571,NA,7269617463,4966341.15,50.6,2,1,0,0,0,0,0,0,0,0,0,7428,0.098,0.555,NA,7,46,37,15,0.061725112,0.006192784,7952,73.85,Higher,Lower_middle_income,,13286093197,5413645454
159,NIGER,NA,1.70499,6136776147,12354445.18,37.51666667,4,1,1,1,1,0,0,0,0,0,1,935,0.061,-0.512,19.5,12,3,4,11,0.000738138,0.003208556,974,67.73,Lower,Low_income,,7528285444,3341605075
160,NIGERIA,0.13223,17.34511,2.39E+11,126593915.6,43.74,20,1,2,1,2,0,0,2,2,0,0,4694,0.107,0.131,79.5,29,197,71,21,0.005153881,0.04196847,5061,67.41,Lower,Lower_middle_income,,4.05E+11,1.70E+11
161,NIUE,NA,NA,NA,NA,NA,0,0,0,0,0,0,0,0,0,0,0,612,NA,NA,NA,NA,NA,NA,NA,NA,NA,621,70.14,Average,NA,,NA,NA
162,NORFOLK ISLAND,NA,NA,NA,NA,NA,0,0,0,0,0,0,0,0,0,0,0,898,NA,NA,NA,NA,NA,NA,NA,NA,NA,713,74.71,Higher,NA,,NA,NA
163,NORTH KOREA,NA,NA,NA,22306028.38,NA,0,0,0,0,0,0,0,0,0,0,0,1192,0.025,-0.775,NA,10,17,17,27,0.00989951,0.014261745,1241,69.61,Average,Low_income,,NA,NA
164,NORTHERN MARIANA ISLANDS,NA,NA,1035399504,47183.25,NA,0,0,0,0,0,0,0,0,0,0,0,1062,NA,NA,NA,4,5,15,16,2.308695652,0.004708098,884,74.92,Higher,High_income,,1250000000,969800000
165,NORWAY,1.688796,31.63633071,3.48E+11,4567911.075,26.97894737,30,1,2,1,7,5,1,1,3,1,2,6906,0.024,-1.107,NA,8,3,23,7,0.018907856,0.000434405,5281,64.27,Lower,High_income,,3.71E+11,2.25E+11
166,OMAN,0.21029625,18.5949625,41290806755,2539213.725,NA,0,0,0,0,0,0,0,0,0,0,0,1549,0.03,-0.812,NA,10,6,31,13,0.005004847,0.003873467,1670,65.72,Lower,High_income,,65941482445,28087083147
167,PAKISTAN,0.270536923,6.72139,1.29E+11,142449663.8,31.7,28,1,6,1,7,1,1,3,4,0,3,4434,0.08,-0.121,NA,25,12,41,32,0.005751868,0.00270636,4585,64.72,Lower,Lower_middle_income,,2.79E+11,98480196133
168,PALAU,NA,NA,199650513.8,16847.025,NA,0,0,0,0,0,0,0,0,0,0,0,1274,NA,NA,NA,4,4,19,5,2.769565217,0.003139717,1363,75.81,Higher,High_income,,303984500,199019876.5
169,PALESTINE,0.330638,21.93061769,7898761440,3312289.133,34.525,3,1,0,0,0,0,0,0,0,0,0,2438,NA,NA,NA,3,3,2,13,0.404983389,0.001230517,2576,64.19,Lower,Lower_middle_income,,13425700000,6649669565
170,PANAMA,0.215586364,13.97748,21295298956,3038304.5,54.004,0,0,0,0,0,0,0,0,0,0,0,13438,0.162,1.236,NA,16,208,54,22,0.180764057,0.015478494,14006,74.5,Higher,High_income,,57957600000,17295871532
171,PAPUA NEW GUINEA,0.03158,NA,11006997495,5916959.725,43.85,1,1,0,0,0,0,0,0,0,0,0,15318,0.271,1.254,NA,39,152,56,37,0.033825023,0.009922966,15304,75.33,Higher,Lower_middle_income,,20759048835,7442187887
172,PARAGUAY,0.076265833,11.08463571,20752019203,5190379.8,51.12727273,1,1,0,0,0,0,0,0,0,0,0,8319,0.115,0.429,NA,10,19,0,27,0.020938837,0.002283928,9315,68.72,Average,Upper_middle_income,,36054281572,13614807548
173,PERU,0.105590625,18.76613467,1.07E+11,25461239.2,48.32272727,11,1,0,0,0,0,0,0,0,0,0,27445,0.396,1.344,NA,53,326,50,120,0.021441406,0.011878302,28474,70,Average,Upper_middle_income,,1.92E+11,73640158359
174,PHILIPPINES,0.1277175,23.838845,1.58E+11,77316559.7,46.45,14,1,0,0,2,2,1,0,0,0,2,12395,0.225,1.188,NA,39,239,87,89,0.041570245,0.019281969,12675,73.69,Higher,Lower_middle_income,,3.05E+11,1.07E+11
175,PITCAIRN,NA,NA,NA,NA,NA,0,0,0,0,0,0,0,0,0,0,0,309,NA,NA,NA,NA,NA,NA,NA,NA,NA,326,73.21,Higher,NA,,NA,NA
176,POLAND,0.732552174,22.106559,3.98E+11,37903382.38,31.85714286,67,1,3,1,6,3,1,5,4,0,1,5178,0.032,-0.761,NA,5,10,8,11,0.016906189,0.001931248,4313,67.5,Lower,High_income,,4.72E+11,2.92E+11
177,PORTUGAL,1.048423043,12.22157304,1.96E+11,10219366.65,36.46,55,1,3,1,10,7,1,3,5,0,4,7594,0.045,-0.088,NA,13,81,63,12,0.082978481,0.010666316,6330,68.09,Average,High_income,,2.06E+11,1.32E+11
178,PUERTO RICO,0.439576667,39.57117222,80389839851,3576462.725,NA,5,1,0,0,0,0,0,0,0,0,0,5420,0.033,0.259,NA,2,57,30,8,0.611048478,0.010516605,5124,73.74,Higher,High_income,,1.04E+11,58054932468
179,QATAR,0.501573333,23.66384083,1.10E+11,1064515.75,NA,1,1,0,0,0,0,0,0,0,0,0,255,0.005,-1.77,NA,2,0,13,8,0.021963824,0,254,64.12,Lower,High_income,,1.52E+11,50277874234
180,REUNION,NA,NA,NA,NA,NA,0,0,0,0,0,0,0,0,0,0,0,2769,NA,NA,NA,NA,NA,NA,NA,NA,NA,2245,77.68,Higher,NA,,NA,NA
181,ROMANIA,0.462071739,15.58352077,1.49E+11,21655389.43,33.81764706,3,1,0,0,0,0,0,0,0,0,0,3636,0.039,-0.49,NA,8,5,22,18,0.015814382,0.001375138,3702,65.45,Lower,Upper_middle_income,,1.88E+11,92542517187
182,RUSSIAN FEDERATION,1.086303043,14.1,1.32E+12,144853839.2,39.82916667,28,1,2,1,3,1,1,2,2,0,1,9958,0.179,-0.179,NA,32,56,39,54,0.000607821,0.005623619,8906,66.03,Lower,Upper_middle_income,,1.28E+12,8.86E+11
183,RWANDA,0.66627,3.327225,4385047729,8208627.075,47.3,0,0,0,0,0,0,0,0,0,0,0,2306,0.087,0.925,49,24,8,9,16,0.093473855,0.003469211,2197,72.54,Higher,Low_income,,8475681533,3154665135
184,SAINT BARTHOLEMY,NA,NA,NA,NA,NA,0,0,0,0,0,0,0,0,0,0,0,361,NA,NA,NA,NA,NA,NA,NA,NA,NA,406,60.95,Lower,NA,,NA,NA
185,SAINT HELENA,NA,NA,NA,NA,NA,0,0,0,0,0,0,0,0,0,0,0,796,NA,NA,NA,NA,NA,NA,NA,NA,NA,737,77.13,Higher,NA,,NA,NA
186,SAINT KITTS AND NEVIS,NA,2.32323,575118338.4,45288.45,NA,0,0,0,0,0,0,0,0,0,0,0,801,NA,NA,NA,2,2,29,1,3.080769231,0.002496879,720,75.41,Higher,High_income,,958973183.2,438244314.4
187,SAINT LUCIA,0.473845,9.127925,1158182123,153622.075,46.9,0,0,0,0,0,0,0,0,0,0,0,908,NA,NA,NA,2,6,30,5,1.48852459,0.00660793,903,73.9,Higher,Upper_middle_income,,1688244704,816800765.5
188,SAINT MARTIN (FRENCH PART),NA,NA,NA,28382.35,NA,0,0,0,0,0,0,0,0,0,0,0,421,NA,NA,NA,2,3,29,0,7.738970588,0.007125891,399,63.93,Lower,High_income,,NA,NA
189,SAINT PIERRE AND MIQUELON,NA,NA,NA,NA,NA,0,0,0,0,0,0,0,0,0,0,0,105,NA,NA,NA,NA,NA,NA,NA,NA,NA,75,NA,NA,NA,,NA,NA
190,SAINT VINCENT AND THE GRENADINES,0.08167,2.470455,517574375.7,107345.375,NA,0,0,0,0,0,0,0,0,0,0,0,1273,NA,NA,NA,2,5,29,2,3.264102564,0.00392773,1219,70.11,Average,Upper_middle_income,,770762204.1,407982816.1
191,SAMOA,NA,10.16020333,535400810.5,174860.575,40.46666667,0,0,0,0,0,0,0,0,0,0,0,1821,NA,NA,NA,2,2,16,6,0.643462898,0.001098298,1696,77.55,Higher,Upper_middle_income,,786640012.2,360975727.1
192,SAN MARINO,NA,15.76002,1785801494,27585.425,NA,0,0,0,0,0,0,0,0,0,0,0,27,NA,NA,NA,0,0,0,0,0.45,0,33,NA,NA,High_income,,1564380531,1811084247
193,SAO TOME AND PRINCIPE,NA,1.77666,198029466.4,147462.675,39.73333333,0,0,0,0,0,0,0,0,0,0,0,968,NA,NA,29.5,5,38,25,13,1.008333333,0.039256198,868,74.06,Higher,Lower_middle_income,,347545391.8,198931977.8
194,SAUDI ARABIA,0.349243636,22.2275625,4.25E+11,21421314.65,NA,23,1,2,1,7,5,1,4,6,0,1,2504,0.04,-1.129,NA,10,3,35,18,0.001164819,0.001198083,2818,64.04,Lower,High_income,,6.45E+11,2.83E+11
195,SENEGAL,0.433156667,5.111725,12402454317,10094997.1,43.24,6,1,0,0,1,1,1,0,0,0,1,2232,0.057,-0.065,56,17,12,55,16,0.011592998,0.005376344,2503,68.11,Average,Low_income,,19027392876,9411697053
196,SERBIA,0.694065455,18.376428,36907618038,7389875.367,39.23333333,12,1,4,1,7,3,1,4,3,0,3,1070,NA,NA,NA,6,5,15,13,0.012234164,0.004672897,1142,64.06,Lower,Upper_middle_income,,40630392019,31377742403
197,SEYCHELLES,0.352406667,4.71673,766046722.9,79168.65,46.8,2,1,0,0,0,0,0,0,0,0,0,972,NA,NA,79,6,62,21,11,2.113043478,0.063786008,855,77.45,Higher,High_income,,1427524565,641648324.5
198,SIERRA LEONE,NA,NA,2126552640,5179436.025,36.63333333,0,0,0,0,0,0,0,0,0,0,0,2613,0.083,0.588,47.5,22,65,56,15,0.036201164,0.024875622,2787,70.66,Average,Low_income,,3674794530,1649828933
199,SINGAPORE,1.984988182,39.27794529,1.52E+11,4007370.8,NA,19,1,6,1,14,8,1,7,7,0,6,2970,NA,NA,NA,13,58,27,17,4.358120167,0.01952862,2982,72.9,Higher,High_income,,3.18E+11,1.17E+11
200,SINT MAARTEN (DUTCH PART),NA,NA,NA,34719.22727,NA,0,0,0,0,0,0,0,0,0,0,0,503,NA,NA,NA,2,2,29,0,14.79411765,0.003976143,404,62,Lower,High_income,,NA,NA
201,SLOVAKIA,0.698576957,18.02972556,75387175167,5321494.35,26.16,14,1,1,1,3,2,1,1,3,0,0,3296,0.037,0.252,NA,4,7,5,11,0.068527258,0.002123786,2967,65.47,Lower,High_income,,89848359305,55044923050
202,SLOVENIA,1.733133478,21.631418,41517493386,2001450.45,24.96111111,9,1,0,0,2,2,1,0,0,0,2,2759,0.036,0.106,NA,6,7,33,8,0.136991063,0.002537151,2708,66.11,Lower,High_income,,44641210338,32265114719
203,SOLOMON ISLANDS,NA,NA,649925726.6,420607.75,41.6,0,0,0,0,0,0,0,0,0,0,0,2974,0.049,0.316,NA,20,17,22,25,0.106252233,0.005716207,3183,75.53,Higher,Lower_middle_income,,1232699140,503518478.1
204,SOMALIA,NA,NA,NA,9573988.3,NA,0,0,0,0,0,0,0,0,0,0,0,2711,0.087,0.025,80.5,14,43,29,18,0.004321421,0.015861306,2959,62.19,Lower,Low_income,,6839998517,6638049466
205,SOUTH AFRICA,0.787750588,10.56485688,2.92E+11,43902995.65,61.71428571,42,1,2,1,7,5,1,3,4,0,3,26456,0.252,0.915,323.5,26,116,107,46,0.021808769,0.004384639,26105,67.6,Lower,Upper_middle_income,,2.96E+11,1.90E+11
206,SOUTH GEORGIA AND THE SOUTH SANDWICH ISLANDS,NA,NA,NA,NA,NA,0,0,0,0,0,0,0,0,0,0,0,458,NA,NA,NA,NA,NA,NA,NA,NA,NA,150,77.46,Higher,NA,,NA,NA
207,SOUTH KOREA,3.166079565,23.75862,7.41E+11,46056952.93,31.9,125,1,13,1,23,10,1,14,15,0,7,4483,0.03,-0.518,NA,11,31,25,30,0.046341665,0.006915012,4099,73.55,Higher,High_income,,1.41E+12,6.13E+11
208,SOUTH SUDAN,NA,10.24896,11019927916,7120206.225,46.3,0,0,0,0,0,0,0,0,0,0,0,267,NA,NA,NA,10,15,0,19,NA,0.056179775,296,69.54,Average,Low_income,,3070885014,12632152362
209,SPAIN,1.110445652,22.71949063,1.11E+12,41984968.08,34.57,303,1,15,1,42,27,1,16,20,0,20,18705,0.067,-0.172,NA,17,216,78,15,0.037451723,0.011547715,17721,63.77,Lower,High_income,,1.24E+12,7.77E+11
210,SRI LANKA,0.138277778,23.8264025,39658942048,18642888.88,37.125,6,1,1,1,2,1,1,0,0,0,2,5784,0.082,0.606,NA,29,291,54,16,0.092234093,0.050311203,5910,73.08,Higher,Lower_middle_income,,82401038710,25481743886
211,SUDAN,0.396987143,0.8,39528758012,27394295.3,34.8,2,1,0,0,0,0,0,0,0,0,0,2026,NA,NA,67.5,13,16,24,23,0.000852694,0.007897335,2151,69.34,Average,Lower_middle_income,,95558220777,29067609755
212,SURINAME,NA,3.91474,3263035607,465358.575,57.6,1,1,0,0,0,0,0,0,0,0,0,5873,0.092,0.471,NA,9,27,30,9,0.037647436,0.00459731,6285,69.78,Average,Upper_middle_income,,3167164371,1839357880
213,SVALBARD AND JAN MAYEN ISLANDS,NA,NA,NA,NA,NA,0,0,0,0,0,0,0,0,0,0,0,946,NA,NA,NA,NA,NA,NA,NA,NA,NA,384,69.83,Average,NA,,NA,NA
214,SWAZILAND,0.27013,3.28036,3191933718,934145.9,54.925,0,0,0,0,0,0,0,0,0,0,0,3335,0.044,0.353,15,8,11,4,13,0.193895349,0.003298351,3460,69.57,Average,Lower_middle_income,,3817430000,2089518433
215,SWEDEN,3.376657368,28.48241625,4.03E+11,8988519.575,26.905,93,1,12,1,26,14,1,14,12,1,8,13881,0.026,-1.067,NA,1,4,15,8,0.0338617,0.000288164,12439,65.51,Lower,High_income,,5.12E+11,3.12E+11
216,SWITZERLAND,2.870015714,32.309518,4.92E+11,7274093.275,33.05,115,1,10,1,29,19,1,21,20,0,6,7164,0.033,-0.173,NA,3,4,9,6,0.181259065,0.000558347,6042,65.37,Lower,High_income,,6.70E+11,3.52E+11
217,SYRIAN ARAB REPUBLIC,0.02053,12.59854333,NA,15475743.75,35.8,9,1,0,0,0,0,0,0,0,0,0,3167,0.046,-0.265,NA,16,13,51,18,0.017238214,0.004104831,3405,61.47,Lower,Low_income,,NA,17360832122
218,TAIWAN,NA,NA,NA,NA,NA,47,1,12,1,21,9,1,13,13,0,7,7977,0.058,0.418,NA,NA,NA,NA,NA,NA,NA,8124,75.56,Higher,High_income,,NA,NA
219,TAJIKISTAN,0.095012222,18.08973667,5340935926,6336440.5,32.13333333,0,0,0,0,0,0,0,0,0,0,0,1476,0.033,-0.536,NA,7,12,5,15,0.010553048,0.008130081,1709,66.71,Lower,Low_income,,6952678127,3474397767
220,TANZANIA,0.407416667,2.55564,25778876604,34851699.08,38.24,3,1,0,0,0,0,0,0,0,0,0,11765,0.189,0.693,324,38,602,176,47,0.013281779,0.051168721,11934,68.83,Average,Low_income,,49774021003,19467492765
221,THAILAND,0.339707368,10.43714,2.37E+11,61124538.55,40.77916667,29,1,8,1,10,2,1,5,5,0,4,11905,0.162,0.709,NA,56,150,106,51,0.023302472,0.012599748,12554,71.68,Higher,Upper_middle_income,,4.12E+11,1.75E+11
222,TIMOR-LESTE,NA,NA,840728159.8,910749,30.8,0,0,0,0,0,0,0,0,0,0,0,1245,NA,NA,NA,5,1,8,6,0.083725622,0.000803213,1500,69.04,Average,Lower_middle_income,,2503532102,2920087465
223,TOGO,0.241516667,4.1944,2941071358,5054148.625,43.76666667,0,0,0,0,0,0,0,0,0,0,0,2375,0.094,0.781,33.5,12,12,35,11,0.043666115,0.005052632,2472,68.83,Average,Low_income,,4414908597,2065839594
224,TOKELAU,NA,NA,NA,NA,NA,0,0,0,0,0,0,0,0,0,0,0,84,NA,NA,NA,NA,NA,NA,NA,NA,NA,84,NA,NA,NA,,NA,NA
225,TONGA,NA,12.7209025,311948520.6,98302.775,37.6,0,0,0,0,0,0,0,0,0,0,0,1228,NA,NA,NA,2,4,14,5,1.705555556,0.003257329,1320,72.31,Higher,Upper_middle_income,,401109307.4,215641018.6
226,TRINIDAD AND TOBAGO,0.087202727,23.68388,14216609379,1265422.95,41.45,1,1,0,0,0,0,0,0,0,0,0,3811,0.045,0.729,NA,2,2,35,5,0.74288499,0.000524797,3878,75.1,Higher,High_income,,21746391333,12059870833
227,TUNISIA,0.66025125,9.887672857,30100246175,9362448.325,38.91428571,34,1,2,1,2,0,0,2,2,0,0,2703,0.033,-0.572,53,14,7,39,10,0.017398301,0.002589715,2873,65.24,Lower,Lower_middle_income,,41808379888,24226717678
228,TURKEY,0.657218636,11.91999438,5.94E+11,62966568.25,40.88421053,63,1,0,0,4,4,1,1,0,0,3,10351,0.114,0.237,NA,18,104,131,20,0.01344932,0.010047338,10435,62.45,Lower,Upper_middle_income,,8.64E+11,3.58E+11
229,TURKMENISTAN,NA,32.21165,18265864175,4398848.95,40.8,1,1,0,0,0,0,0,0,0,0,0,1632,0.044,-0.572,NA,10,4,11,20,0.003472858,0.00245098,1736,62.28,Lower,Upper_middle_income,,36180000000,12399520700
230,TURKS AND CAICOS ISLANDS,NA,7.65734,686787810,21927.7,NA,0,0,0,0,0,0,0,0,0,0,0,563,NA,NA,NA,2,9,29,2,0.592631579,0.01598579,535,65.95,Lower,High_income,,950357510,675037233.1
231,TUVALU,NA,7.31819,31091709.34,9596.95,39.1,0,0,0,0,0,0,0,0,0,0,0,144,NA,NA,NA,1,0,12,1,4.8,0,137,68.89,Average,Upper_middle_income,,36547419.87,21382447.9
232,UGANDA,0.311354,5.704288,17400744259,24956838.9,42.65555556,5,1,0,0,0,0,0,0,0,0,0,3980,0.12,0.624,126,29,52,57,25,0.019905541,0.013065327,3911,72.12,Higher,Low_income,,24133664285,9384105236
233,UKRAINE,0.850290909,38.14171,1.36E+11,48689143.55,27.74761905,3,1,0,0,1,1,1,0,0,0,1,3008,0.05,-0.509,NA,10,18,24,18,0.005192115,0.005984043,3096,63.74,Lower,Lower_middle_income,,93355993629,87493603704
234,UNITED ARAB EMIRATES,0.868336,43.5233125,2.16E+11,4462904.525,32.5,3,1,1,1,2,1,1,1,1,0,1,558,0.019,-0.883,NA,8,0,17,12,0.006674641,0,616,63.37,Lower,High_income,,3.57E+11,1.46E+11
235,UNITED KINGDOM,1.625943913,36.61743143,2.05E+12,59936860.65,34.51666667,379,1,44,1,100,56,1,45,51,3,35,11869,0.024,-1.003,NA,5,16,47,8,0.049059645,0.00134805,9837,70.75,Average,High_income,,2.66E+12,1.67E+12
236,UNITED STATES,2.648646522,39.79923647,1.20E+13,278779457.3,40.11,1227,1,50,1,108,58,1,47,54,5,42,48021,0.342,0.638,NA,35,462,249,77,0.005244303,0.009620791,43551,68.65,Average,High_income,,1.87E+13,9.77E+12
237,UNITED STATES MINOR OUTLYING ISLANDS,NA,NA,NA,NA,NA,0,0,0,0,0,0,0,0,0,0,0,410,NA,NA,NA,NA,NA,NA,NA,NA,NA,219,68.39,Average,NA,,NA,NA
238,UNITED STATES VIRGIN ISLANDS,0.037556667,NA,3855453696,105907.3,NA,0,0,0,0,0,0,0,0,0,0,0,1805,NA,NA,NA,1,12,27,1,5.157142857,0.006648199,1687,67.07,Lower,High_income,,3863000000,4025866667
239,URUGUAY,0.332887778,12.08560643,30884872188,3237495.4,42.8875,2,1,0,0,0,0,0,0,0,0,0,4061,0.05,-0.186,NA,10,22,40,22,0.023203063,0.005417385,4293,70.04,Average,High_income,,52687612262,22153200708
240,UZBEKISTAN,0.221311579,57.71635,37888733266,24390175.45,37.275,1,1,0,0,0,0,0,0,0,0,0,1401,0.051,-0.413,NA,10,17,7,20,0.003293371,0.01213419,1387,65.45,Lower,Lower_middle_income,,81779019096,27753221446
241,VANUATU,NA,NA,520529198.7,192100.825,37.6,1,1,0,0,1,1,1,0,1,0,0,1838,0.014,-0.728,NA,7,10,17,9,0.150779327,0.005440696,1961,77.45,Higher,Lower_middle_income,,787942567.4,348819492.6
242,VENEZUELA,0.243271,18.60142333,2.94E+11,23579425.33,49.30769231,8,1,0,0,2,2,1,1,1,0,0,19775,0.379,1.398,NA,35,82,43,44,0.022419364,0.00414665,20132,71.31,Higher,Upper_middle_income,,NA,1.42E+11
243,VIETNAM,0.344926,7.35554,81739409374,77478749.08,36.09090909,0,0,0,0,0,0,0,0,0,0,0,10636,0.147,0.737,NA,55,204,80,46,0.033396925,0.019180143,11364,72.23,Higher,Lower_middle_income,,2.05E+11,63939320760
244,WALLIS AND FUTUNA ISLANDS,NA,NA,NA,NA,NA,0,0,0,0,0,0,0,0,0,0,0,316,NA,NA,NA,NA,NA,NA,NA,NA,NA,328,74.19,Higher,NA,,NA,NA
245,WESTERN SAHARA,NA,NA,NA,NA,NA,0,0,0,0,0,0,0,0,0,0,0,NA,NA,NA,NA,NA,NA,NA,NA,NA,NA,0,NA,NA,NA,,NA,NA
246,YEMEN,NA,NA,21265716019,17488276.6,35.46666667,0,0,0,0,0,0,0,0,0,0,0,2665,0.041,-0.654,NA,9,162,32,18,0.005047635,0.060787992,2953,64.95,Lower,Low_income,,30968242968,17780011218
247,ZAMBIA,0.051095714,0.34339,13840882427,10818339.43,52.68888889,0,0,0,0,0,0,0,0,0,0,0,4466,0.096,0.074,36.5,12,20,20,18,0.006007614,0.00447828,5100,70.32,Average,Lower_middle_income,,20954754378,8782016292
248,ZIMBABWE,NA,7.969364,14134653759,11449439.13,43.75,1,1,0,0,0,0,0,0,0,0,0,5039,0.099,0.298,33.5,9,17,3,17,0.013025721,0.003373685,5275,71.36,Higher,Low_income,,20548678100,8956768651
